{"N":37,"t":[83.16666666666667,90.16666666666667,97.16666666666666,104.16666666666666,111.16666666666666,118.16666666666666,125.16666666666667,132.16666666666666,139.16666666666666,146.16666666666666,153.16666666666666,160.16666666666666,167.16666666666666,174.16666666666666,181.16666666666666,188.16666666666666,195.16666666666666,202.16666666666666,209.16666666666666,216.16666666666666,223.16666666666666,230.16666666666666,237.16666666666666,244.16666666666666,251.16666666666666,258.1666666666667,265.1666666666667,272.1666666666667,279.1666666666667,286.1666666666667,293.1666666666667,300.1666666666667,307.1666666666667,314.1666666666667,321.1666666666667,328.1666666666667,335.1666666666667],"t_ppc":[83.16666666666667,90.16666666666667,97.16666666666666,104.16666666666666,111.16666666666666,118.16666666666666,125.16666666666667,132.16666666666666,139.16666666666666,146.16666666666666,153.16666666666666,160.16666666666666,167.16666666666666,174.16666666666666,181.16666666666666,188.16666666666666,195.16666666666666,202.16666666666666,209.16666666666666,216.16666666666666,223.16666666666666,230.16666666666666,237.16666666666666,244.16666666666666,251.16666666666666,258.1666666666667,265.1666666666667,272.1666666666667,279.1666666666667,286.1666666666667,293.1666666666667,300.1666666666667,307.1666666666667,314.1666666666667,321.1666666666667,328.1666666666667,335.1666666666667],"N_ppc":37,"y":[-3.9789827560311353,-3.9269002822018453,-3.877396634797866,-3.8302284394896238,-3.7851852273962425,-3.742083758044157,-3.7007635161658308,-3.661083102610847,-3.622917314449332,-3.550695909353343,-3.516451448739389,-3.451291704700731,-3.3901192653324785,-3.3608813974964975,-3.304851641978419,-3.22628679683967,-3.177142481047027,-3.1303006181933006,-3.063911400590537,-3.001656650817467,-2.9430514618218426,-2.88769152939029,-2.8183452572246797,-2.7693195619682087,-2.707480510465568,-2.6492438403174794,-2.5809156030894362,-2.5294272649965057,-2.468584698165559,-2.411232595292345,-2.346488320654424,-2.2856821867818136,-2.2191206443490454,-2.156714396130568,-2.0898583538675273,-2.0271933112320335,-1.9610922175932752]}