{"N":19,"t":[279.1666666666667,286.1666666666667,293.1666666666667,300.1666666666667,307.1666666666667,314.1666666666667,321.1666666666667,328.1666666666667,335.1666666666667,342.1666666666667,349.1666666666667,356.1666666666667,363.1666666666667,370.1666666666667,377.1666666666667,384.1666666666667,391.1666666666667,398.1666666666667,405.1666666666667],"t_ppc":[279.1666666666667,286.1666666666667,293.1666666666667,300.1666666666667,307.1666666666667,314.1666666666667,321.1666666666667,328.1666666666667,335.1666666666667,342.1666666666667,349.1666666666667,356.1666666666667,363.1666666666667,370.1666666666667,377.1666666666667,384.1666666666667,391.1666666666667,398.1666666666667,405.1666666666667],"N_ppc":19,"y":[-1.973281345851445,-1.9241486572738007,-1.870802676568508,-1.820158943749753,-1.7660917224794772,-1.7092582477163114,-1.6554818509355071,-1.5994875815809322,-1.5417792639602856,-1.4828052615007343,-1.4271163556401458,-1.3664917338237108,-1.305636458102436,-1.248273063222516,-1.1874435023747254,-1.1270117631898076,-1.0671136216087387,-1.0078579253996456,-0.9467499393588635]}